Name,longitude,latitude
Wagga Wagga Botanical Garden & Zoo,151.28731,-33.7905775
North Steyne Beach,151.0603143,-33.8296721
Sydney Olympic Park,151.2877142,-33.7853049
Queenscliff Beach,151.2144928,-33.8575261
Mount Panorama Sign,151.226265,-33.8700478
Elizabeth Bay House,150.6607933,-35.0232151
Waterfront Caravan Park,151.194101,-33.8676702
The Star,151.241454,-33.844361
Seal Show Theatre,151.2406104,-33.8426972
Reptile World (Serpentaria),151.2065772,-33.8726159
Queen Victoria Building,151.0149626,-34.0881293
Heathcote Hall (historic house),150.579063,-33.7026974
Valley Heights Locomotive Depot Heritage Museum,151.2942896,-32.7718755
Hunter Valley Gardens,149.5618353,-33.439808
National Motor Racing Museum,150.8997494,-34.4008126
Science Centre,150.9194795,-31.1309782
Tamworth Regional Entertainment and Convention Centre,151.7520822,-29.7415298
Glen Innes Standing Stones,150.8625571,-34.6717912
Kiama Lighthouse,152.5580829,-31.692094
Brackenridge Blueberry Farm,151.2411695,-33.8427048
Koala,152.9095512,-30.4527692
Old Butter Factory,148.6953752,-33.8266965
Japanese Garden,147.5794844,-34.8601102
Junee licorice and chocolate factory,151.2419353,-33.8448205
Seal,151.2415104,-33.8448291
Penguin,151.2410491,-33.844887
Leopard Seal,151.2414487,-33.8445964
Pelican,151.2417411,-33.8442521
Aviary,151.2409257,-33.8449538
Red Panda,151.2404322,-33.8451521
Gibbon,151.240872,-33.8447355
Wetland Aviary,151.2405884,-33.844882
Fishing Cat,151.2404254,-33.8449572
Otter,151.2400593,-33.8449338
Malayan Tapir,151.2403276,-33.8441474
Bear,151.2400459,-33.8439001
Lion,151.2397178,-33.843738
Tiger,151.2397998,-33.8435099
Cheetah,151.2437195,-33.8439139
Wild Australia,151.2439073,-33.8445313
Tasmanian Devil,151.243643,-33.8450171
Backyard to Bush,151.2440527,-33.8451352
Kid Zoo,151.2400443,-33.843556
Tahr,151.2401596,-33.8434736
Zebra/Ostrich,151.2401519,-33.8448613
Elephant,151.2398084,-33.8437998
Lion,151.2400711,-33.8429167
Giraffe,151.2392155,-33.842734
Barbary Sheep,151.2432461,-33.8435131
Spider Monkey,151.2398136,-33.8424622
Chimpanzee,151.2438233,-33.843378
Platypus,151.2422169,-33.8430837
Rainforest Bird Aviary,151.2397037,-33.8429278
Bongo,151.2435914,-33.8433091
Wild Australia,151.2437028,-33.8433622
Wombat,151.2408467,-33.8426688
Corroborree Frog,151.2422813,-33.844309
Crocodile,151.242528,-33.8446387
Asian Elephant,151.241788,-33.8435007
Sea-Lion,151.2417323,-33.8437415
Ring-tailed Lemur,151.2424476,-33.8442622
Giraffe,151.2416483,-33.8434313
Cockatoo,151.2410032,-33.8439392
Gorilla,151.215012,-33.8601636
Government House,151.6956571,-32.8761802
Visitor Centre,150.5980686,-34.5891936
The Big Potato,149.5784353,-33.4182043
Bathurst Court House,150.3010973,-33.7293021
Scenic World,147.3134353,-35.72629
Holbrook Miniature Railway,151.1999671,-33.8686868
HMAS Onslow,151.2002387,-33.8687952
HMAS Vampire,151.7158563,-32.801315
Hunter Region Botanic Gardens,147.3166248,-35.7182275
HMAS Otway,151.2816577,-33.8903718
Bondi Beach,151.2702155,-33.9011341
Tamarama Beach,151.1996611,-33.8696282
HMAS Advance,150.8365832,-33.5710617
Indy 800 Kart Track,151.2735375,-33.8553784
Vaucluse House,151.2110649,-33.8756227
ANZAC Memorial,151.2211492,-33.8692685
Harry's Cafe de Wheels,151.0921917,-33.8408
Yaralla Estate,151.2087893,-33.8704785
Sydney Tower,148.9302571,-37.0478111
Old Settlers Home,150.9232115,-31.1348696
Australian Equine and Livestock Events Centre,150.917611,-31.1331947
Tamworth Sports Dome,151.2879283,-33.795877
Manly Beach,151.2092193,-33.858967
Cadman's Cottage,151.5898676,-32.7445871
Maitland Gaol,150.1964311,-30.9688336
Ag-Quip Field Days,149.382491,-32.9895481
Scenic Dune Buggies,151.792447,-32.9253562
Fort Scratchley,141.2249439,-31.88496
SIlverton Gaol 1889,153.460632,-28.5910424
Crystal Castle,151.2221202,-34.035118
Cape Baily Lighthouse,152.6867724,-31.5373782
Bago Maze,147.4322177,-33.1459297
Utes in the Paddock,153.5216727,-28.2003566
Pioneer Country,150.8482829,-34.4665683
Nan Tien Temple,152.581246,-31.283357
The Punchbowl,151.2323314,-29.6500401
Nullamanna Fossicking Area,150.7109282,-29.7803015
Myall Creek Massacre Site,151.1815913,-33.8679338
Anzac Bridge,153.6285584,-28.6124122
Julian Rocks Nguthungulli Nature Reserve,142.2874091,-31.2394574
Mutawintji Visitor Centre,148.6596713,-31.7150994
Orana Cactus World,150.390928,-33.5002569
Cathedral of Ferns,151.2047989,-33.8793578
Chinatown,151.2588951,-32.7667829
Hunter Distillery,151.2994818,-29.9862735
Green Valley Farm,151.2136832,-30.005712
Stonewoman Aboriginal Area,151.5831796,-29.6503245
Wellingrove Fossicking Reserve,150.2008939,-33.4707146
Zig Zag Railway,145.1210487,-33.2072398
Willandra Wool shedd,145.1218805,-33.1976937
Willandra,151.2819778,-33.7384574
Graffiti Wall,150.8386977,-33.57012
Butterfly Farm And Ski Garden,150.4230334,-33.536258
The Blue Mountains Botanic Garden,148.6600758,-35.0718461
Careys Cave,151.3635393,-32.795822
Galston Valley Railway,151.6722266,-30.5187627
MacDonald Park Wool Wagon,149.0794086,-33.3121577
Philip Shaw,149.2410829,-36.9060185
Historical Engine Machinery Society,149.2411046,-36.906231
Monaro Country Historical Museum,153.1366888,-30.2983098
Dolphin Marine Magic Coffs Harbour,151.2929758,-33.4281789
Mt Penang Gardens,150.9526559,-31.0827837
Marsupial Park,151.2145895,-33.8644075
Former Walter Burley Griffin Incinerator,151.6184291,-30.529726
Warbird Adventure Flights,150.5689594,-34.1739278
Cedar Creek Orchard,150.5493919,-34.1715464
Thornton Bros Roses,150.5525211,-34.2212913
Berrylicious Strawberries,150.2998817,-34.6560103
The Old Goods Shed,151.2078584,-33.8584044
Foundation Park,151.6976215,-32.9371044
Wildlife Arena,151.363538,-32.7958964
Tenterfield Saddler,151.4992745,-33.3408088
Pelican Plaza,142.1895831,-34.1714636
Varapodio Estate,150.6930901,-34.7774178
Courthouse,142.1593804,-34.1379872
Orange World,142.2455448,-34.2312881
Trentham Estate Winery,143.564854,-34.6400036
Balranald Discovery Centre,151.378957,-33.531155
Tessellated Pavement,144.8433988,-34.5086064
Cobb & Co Coach Museum,150.7903236,-34.5605322
Boeing 747 City of Canberra,150.6686947,-35.0331151
Lady Denman Heritage Complex,148.9483076,-34.8627518
Cooma Cottage,150.3106928,-34.5757038
Red Cow Farm Garden,151.0790287,-33.8479753
Treillage Tower,141.4679294,-31.9561268
Broken Hill Regional Art Gallery,150.3105828,-33.7301736
The Road Builders Memorial,150.8652328,-34.6491725
Bombo Headland Quarry Geological Site,149.692864,-31.8759877
Old Post and Telegraph Office,147.3593365,-35.0974677
Bidgee Strawberries and Cream,151.2090827,-33.8543382
Mrs Macquarie's Chair,152.930018,-31.4615805
Sea Acres Rainforest Centre,152.9372555,-31.4756057
Tacking Point Lighthouse,152.9193687,-31.4426085
Roto House,152.9195243,-31.4430557
Koala Hospital,152.8202994,-31.4591537
Billabong Koala Breeding Centre,151.1925718,-33.8730636
Sydney Fish Market,150.3224617,-33.7218797
Leura Cascades,150.3740633,-33.72802
Wentworth Falls,151.2222409,-33.8752797
Coca-Cola billboard,151.2083216,-33.859992
The Rocks,150.3149627,-33.7353563
Three Sisters,151.2004539,-33.8714291
Darling Harbour,150.8631648,-34.671847
Kiama Blowhole,153.133912,-30.274821
The Big Banana,151.198829,-33.868606
Welcome Wall,153.6363335,-28.6385613
Cape Byron Lighthouse,152.5630976,-32.2165016
Cape Hawke Lookout,148.262423,-32.9986005
Parkes Observatory,153.0874871,-30.92285
Smoky Cape,150.3112978,-33.6282842
Govetts Leap,151.078683,-33.7070696
Wirrega Falls,151.2371082,-33.772542
The Rock,151.2365132,-33.7706601
Three steps,151.0784805,-33.8464487
Sundial,150.4968456,-34.3353917
Mount Rennie Tunnel entrance,150.1629232,-35.7531889
Eurobodalla Regional Botanic Gardens,151.0657041,-33.8455796
Sydney Olympic Cauldron,150.6121388,-33.7528094
Wascoe Siding Miniature Railway,150.623775,-33.7646024
Native Plant Reserve,152.7289066,-30.3637436
Dorrigo Rainforest Centre,151.2238177,-33.7660995
Hawkesbury natural sandstone bridge,152.3212407,-30.4760089
L.P. Dutton Trout Hatchery,150.0493746,-37.2614302
NSW Rail Museum,151.0385798,-34.194514
Figure Eight Pools,146.0751794,-34.2675639
Hermit's Cave,147.954717,-33.9090874
Ben Hall's Cave,147.9484343,-33.9126489
Seatons Farm,150.2208361,-33.4773605
Zig Zag Railway,150.9019575,-34.4241398
Wishing Well (Natural Feature),146.3962416,-30.6669039
Byrock Rock Hole,150.2941149,-33.7633368
The Ruined Castle,150.7094937,-34.6202422
Illawarra Fly,149.2615079,-35.0821924
Old Saint Lukes Pottery Studio,148.7051807,-33.8118225
Cowra Prisoner of War Camp 12,153.0595182,-30.3570087
Coffs Harbour Butterfly House,149.6914601,-34.7725844
The Big Merino,152.0710291,-32.7693712
Mini Golf,148.3497568,-34.5495123
Bill the Bastard,151.4364167,-33.4715918
Avoca Theatre,149.3825603,-34.993939
Lerida Estate Winery,148.5769963,-36.3765718
Gaden Trout Hatchery,152.0100146,-30.9670118
Aboriginal bark-stripped tree,150.8592257,-33.7617681
The Nurragingy Blacksmith,149.7190985,-33.395222
Winburndale Winery,149.669806,-33.3937744
Bathurst Sheep and Cattle Drome,152.011823,-30.9716033
Aboriginal Coolamon tree,152.0162265,-30.9902077
Old cattle yards,149.4061897,-33.0369283
Bald Hill Mine,153.0241023,-28.409261
Cedargetters Signature,151.4683197,-30.6978499
Thunderbolt's Rock,159.0781977,-31.5345646
1982 Time Capsule,150.290767,-33.7036336
Former site of Explorers Tree,150.317735,-33.6589526
Grand Canyon,152.7456145,-30.3938215
Newell Falls,151.6751272,-30.3303695
Thunderbolt's Cave,151.5849708,-30.6950409
Gostwyck Chapel,151.4732106,-30.6279284
Uralla Fossicking Area,151.2571404,-32.7165186
Mistletoe Winery,146.0735238,-34.341386
Catania Fruit Salad,143.0284942,-33.7230082
Disused Shearing Shed,149.2772232,-31.2734434
Clock Tower,142.2501772,-29.4888894
Mount Wood outdoor pastoral museum,150.9366802,-31.0989618
Australian Country Music Hall of Fame,145.1386135,-29.2430797
Numulla Lake,151.0409844,-33.8923388
Big Bike,151.2391873,-33.8439726
Free Flight Bird Show,150.8225468,-33.6041427
Doctors House 1844,150.8131398,-33.6088255
Anglican Rectory (1825),150.8120637,-33.6132724
Old Station Masters House – 1880,148.3642503,-34.08075
Mount Oriel Homestead (Iandra Castle),151.2393198,-33.843225
Meerkat,151.2391911,-33.843004
Red Panda,148.1105331,-35.0010547
Dog on the Tucker Box,149.7197092,-34.7670398
Goulburn Brewery,151.09957,-34.1536812
Eagle Rock,150.5054221,-33.7850893
Deadmans Corner,150.7697954,-34.0929785
Campbelltown Steam & Machinery Museum,152.1482266,-30.7883643
Probable site of old hut,150.1452601,-35.7823818
Gold Rush Colony,148.9016753,-33.5463126
Angullong Vineyard,150.5910001,-33.7823458
Red Hands Cave,152.760437,-28.365921
Glennies Chair,148.6041,-35.19912
Pompey Pillar,149.5135155,-33.5533965
Vale Creek Wines,148.7361,-34.89766
Lake Burrinjuck Leisure Resort,149.8760754,-32.9748458
Mount Ilford Winery,150.5156141,-32.3909113
James Estate Winery,150.7677196,-33.7692665
Wagon,149.5759054,-33.4077675
Bathurst Miniature Railway,146.3612508,-35.9880782
winery,149.557052,-33.4222546
Old Ammunition Factory Bomb Shelter,150.6391466,-33.7621413
Zig Zag Railway,150.6390688,-33.7611214
Lucasville Station,150.4801864,-34.4322357
All Aboard Braemar Model Railway,151.2084318,-33.863451
Australian Securities Exchange (ASX),147.3672449,-35.1308928
Willans Hill Miniature Railway,150.274403,-33.6369183
Centennial Glen (The Grotto),150.2743675,-33.6730354
Sunbath,150.2773978,-33.6758027
The Coliseum,149.5641046,-30.3125616
CSIRO Australia Telescope Compact Array,149.1311747,-33.3672419
Huntley Berry Farm,151.3001905,-32.7757224
Brokenwood Wines,151.284013,-32.7912605
Tulloch Wines,151.3360333,-32.7777316
Hungerford Hill Wines,151.2729189,-32.7729128
Tyrrell's Wines,151.4213609,-32.6447057
Dalwood Estate,150.0605381,-30.1453961
Sawn Rocks,149.0978021,-33.2556403
Peace Pole,152.7307705,-30.3782247
Tristania Falls,152.4077392,-30.4903143
Weeping Rock,149.4149804,-31.0161605
Sandstone Caves,150.8999632,-31.8688566
Burning Mountain,149.0990725,-33.2560664
Analemmatic Sundial,151.0447123,-33.6446397
Netherby Homestead,151.0441973,-33.6444522
Rural Museums,151.0443797,-33.6441753
Rural Musems,151.0447155,-33.643941
Eco Garden,149.0300307,-34.9731504
Annual Murumbateman Field Day,149.0288838,-34.9887862
winery,152.3343971,-29.4757823
Red Cedars,150.9025639,-34.3091481
Jumbulla Aboriginal Discovery Centre,142.1279448,-29.3156109
Horton Park Ruins,142.2411203,-29.4833595
Mount Wood Shearers' quarters,142.2401286,-29.4850482
Mount Wood Shearing Shed,141.9887355,-29.2751985
Bird Hide - South Myers Dam,148.3494359,-34.5492977
Hardens House of Honey,152.9008961,-30.4529775
The Yellow Shed,150.859148,-34.686709
Little Blowhole,152.3791632,-29.5127786
The Needles,148.957792,-33.9207464
Mt MacDonald Cemetery,145.9352315,-30.0881645
Cossley Engine,149.6260396,-33.4204182
big gold panner,147.0405925,-35.5788496
Henty Man,149.9536188,-37.3590854
Sea caves,151.9302967,-28.9243214
State Border Tourist Area,148.6935411,-33.834861
World Peace Bell,148.4888246,-35.7204663
Jillabenan Cave,148.2909451,-35.6115784
Tumut 3 Power Station Visitor's Centre,149.2832137,-36.5117093
Nimmitabel Mill,148.4897145,-35.8692466
New Chum Hill,148.9578777,-28.9990637
One Ton Post,152.913693,-31.4286525
Allman Hill,159.0669286,-31.5185587
Fish feeding,159.0673233,-31.5249847
Kentia Palm Nursery,159.0650155,-31.5176484
Snorkling,159.053961,-31.5203184
Snorkling,159.0465255,-31.5212563
Snorkling,159.0594425,-31.5261237
Snorkling,159.0566976,-31.5200228
Turtles,159.0775888,-31.5267027
Surfing,159.081916,-31.5382301
Surfing,159.0675709,-31.52937
Lord Howe Island Botanic Garden,151.2406604,-33.8425026
Komodo Dragon,151.2967171,-33.8174567
North Fort,152.0197823,-29.0537015
Tenterfield Saddler,149.223181,-31.2739699
Jupiter - Solar System Drive,149.193188,-31.2762564
Warrumbungle Observatory,149.7906841,-29.9180153
Pluto - Solar System Drive,151.1519835,-34.1094874
Wedding Cake Rock,148.5724228,-36.2780116
Kalkite Rock,150.2261887,-36.2429596
Montague Island Seal Colony,150.6300774,-33.7780388
Winding Base House,151.2417009,-33.8426399
Alligator,151.2418189,-33.8425352
Tamarinds,151.2500324,-33.7696302
19th hole,151.2402677,-33.7634167
Heartbreak Hill,143.1278302,-33.7416531
Walls Of China,148.8656662,-33.9221066
Darby's Fall Observatory,147.0320998,-32.1629254
Geographic Centre of New South Wales,151.8294293,-32.0025069
Mountain Maid Mine,151.8542928,-31.1581295
Tia Falls,151.1195361,-31.2142172
Edelweiss Gallery,150.6463737,-31.3484681
Australian Railways Monument,150.3348201,-33.7257261
Gordon Falls,148.9069203,-30.3553187
Pilliga Artesian Baths,149.2344858,-30.9970371
Sculptures In The Scrub,151.0941987,-33.6780619
Historic Monkerai Bridge,146.0126138,-33.6545887
Half Way Dam Bird Watch No 7,151.072535,-33.842903
Raleigh Raceway,150.2738023,-33.6338323
Fort Rock,151.9597144,-32.8079708
Tin City,148.1540248,-35.4898355
The Big Apple,151.0430803,-34.1054488
Whaleback Rock,148.1059193,-35.0640503
Old Gundagai Gaol,145.962415,-30.0483154
P.V. Jandra Paddleboat,151.1551184,-33.9295749
Tempe House,152.1647719,-28.7979084
Rock Pools,148.4254207,-36.3933985
Snowy Mountain,152.7164615,-30.7687672
The Pub with no Beer,151.0861508,-33.8038499
Sydney Live Steam Locomotive Society,153.532584,-28.8637426
The Big Prawn,150.3036912,-33.7295969
Turpentine Tree,153.5180236,-28.9313451
Tassiriki Ranch Horse Riding and Holiday Cabins,150.1998965,-35.2191276
Hidden Valley,148.5074864,-33.4234647
Dripping Rock,148.4447041,-33.8035702
Conimbla National Park,150.0208001,-31.7331341
Grass Trees,149.4374659,-31.772675
King Togee's Grave,151.0130741,-32.9781704
Aboriginal sacred sites and rock engravings,151.0353008,-33.1171037
Aboriginal sacred sites and rock engravings,148.9645975,-31.3185999
Cathedral Arch,148.9958035,-31.3325839
Compass,153.6382253,-28.6334623
Eastern most point of the Australian mainland,149.0801838,-31.2829325
Mars - Solar System Drive,149.3082342,-31.2482549
Saturn - Solar System Drive,152.707369,-30.3337311
Beyer Garratt AD6039,150.1047396,-30.0644384
Waa Gorge,150.5738034,-29.8782286
Old Gold Mine,150.856327,-34.6446984
Cathedral Rock,142.0191206,-34.1037982
Coomealla Mountainless Mountain Bike Park Trailhead,151.2230503,-33.4930953
Pindar Cave,150.5060868,-34.2449564
Dobson's Cave,150.9867545,-33.3676009
Hangman's Rock,141.9224224,-34.1072366
PS Ruby Wentworth Inc,151.1625986,-32.567056
Big Sundial,150.7665527,-34.0781744
Sundial,141.4903351,-31.8877514
The Living Desert,150.516097,-33.498176
Pine Crest Orchard,151.2648117,-33.915797
Gordons Bay Underwater Trip Start,151.2857113,-32.818163
McWilliams Mount Pleasant,151.2999733,-32.7737526
McGuigan Wines,150.2083296,-32.8340566
Beehive Pagoda,150.2063564,-32.8338551
Dabee Rock Shelter,152.2496922,-29.5354943
Wades Sawmill Historic Ruins,151.7404768,-29.8471655
Balancing Rock,153.5538205,-28.6356745
The Farm Byron Bay,153.2134006,-29.4566447
The Pinnacle Rocks,152.934756,-29.6895497
Clock Tower,153.002651,-30.5083335
The Honey Place,150.3135466,-33.6527689
Neates Glen,150.1116495,-35.2641538
Rock Ribs,151.2828524,-29.6847342
7 Oaks Sapphires,150.0130435,-37.2549756
City Rock,150.0347131,-37.2392484
Pulpit Rock,150.3230945,-33.7193783
Upper Leura Cascades,150.2975477,-33.122514
Glen Davis Refinery and Mine Ruins,149.9570435,-35.5459009
Pooh Bear's Corner,150.2924409,-34.6747911
Erith Coal Mine,150.3009383,-34.6819554
Fern Glen,150.9936922,-34.1812901
Helensburg Glow Worms,151.2395805,-33.8444604
Condor,151.2397657,-33.8444892
Palm Aviary,151.2397708,-33.8442903
Tortoise,152.3743294,-31.8698779
De Haviland Vampire jet,150.5939883,-34.8475539
Bernie's Bend,150.5930742,-34.8508842
Fern Glen,150.6301262,-33.7784677
Funicular Railway,150.9963593,-33.7986279
Paramatta River head,150.6881203,-33.727095
Jetpack Adventures,151.2019204,-33.8696521
Sea Life Center,151.3511483,-33.3157399
Aboriginal rock carvings,150.200283,-33.213946
Barton Slot,150.9360887,-34.1131264
Amphitheatre,151.2126895,-33.8615302
Cahill Expressway Lookout,150.3173489,-33.7313886
Dardenelles Pass,151.3288625,-33.3500363
Australian Rainforest Sanctuary,151.5209858,-32.5403104
Moonabung Labyrinth,152.1881211,-31.6341092
Arboretum,151.2107853,-33.8476236
Luna Park,151.2082605,-33.8589795
Rocks Square,152.1400319,-32.7251095
Nelson bay,150.3914354,-33.4995609
Giant Tree,150.2568139,-34.569403
Eling Forest Winery,151.2209949,-30.0075745
Tingha Stonewoman,147.9875518,-29.4324893
Amigos Castle,145.9495242,-30.0799401
Back O Bourke Exhibition Centre,151.3352907,-32.7017888
Balloon Aloft,150.7054135,-34.0846107
Belgenny Farm,152.6524564,-31.6941394
Big Fella Gum,152.6822777,-31.6881815
Bird Tree,147.9819048,-29.433765
Bottle House,153.1211758,-30.3049625
Bunker Cartoon Gallery,149.3262357,-35.1661647
Bywong Town Historic Goldmine,141.9207198,-34.1124032
Canoe Tree,153.047054,-28.8483419
Casino Mini Railway,151.3459852,-33.403443
Central Coast Miniature Railway,149.5832588,-33.4251664
Chifley Steam Engine,141.3510042,-31.8143882
Day Dream Silver Mine,151.5846627,-33.0710211
Dobell House,152.8928598,-31.4368564
Douglas Vale Vineyard,150.1656689,-33.4772315
Eskbank House,150.8595114,-33.8688213
Calmsley Hill City Farm,147.9876634,-29.4266595
Gem Opal Pottery,152.918482,-30.1609938
Georges Gold Mine,151.192802,-33.4028971
Glenworth Valley Horse Riding,150.8400825,-33.5669201
The Australiana Pioneer Village,151.2949019,-33.3162878
Hidden Valley,146.567367,-34.776859
Inland Fisheries John Lake Centre,152.8744968,-31.4714512
Innes Lake Vineyards,151.7473253,-32.7271111
Irrawang Environment Centre,153.0510131,-28.8506249
Jabiru Geneebeinga Bicentennial Wetlands,141.4598723,-31.9597821
Kintore Headframe,148.6966494,-33.8427618
Lachlan Valley Railway,147.9719202,-29.4302729
Lightning Ridge Mining Centre,141.4499429,-31.8993578
Living Desert Sculptures,149.2626335,-35.5153836
London Bridge Arch,153.53421,-28.7500203
Macadamia Castle,150.7189403,-33.8636315
Model Park,144.9651095,-35.5289779
Mosaic Transmute,151.1290532,-31.4602
Nundle Woollen Mill,148.6023998,-32.2458635
Old Dubbo Gaol,141.328287,-32.0530801
Pinacles Mine,153.5133731,-28.425852
Rainforest Secrets,152.9178034,-31.4301031
Port Macquarie Observatory,141.4471432,-31.9457451
Pro Hart Sculpture Park,153.3360442,-28.8208771
Richard Birdwing Butterfly Gully,152.5011803,-30.7317084
Slim Dusty Birthplace,151.2649032,-33.8510538
Steele Point Gun Emplacement,150.7719622,-34.0946102
Sugarloaf Horse Riding Farm,153.4366704,-28.8613294
Summerland House Farm,150.9445069,-31.0778963
Tamworth Miniature Railway,151.2830544,-33.8414885
The Armoury,152.4804262,-32.0428587
The Big Buzz Fun Park,148.7745546,-35.997311
The Big Trout,151.2837813,-33.8422465
The Officers Mess,147.9803795,-29.4269419
The Opal Cave,153.5423675,-28.8423459
Thursday Plantation Visitor Centre,152.1146176,-32.7347279
Toboggan Hill Maze,152.1146291,-32.7350197
Toboggan Hill Park,151.8674087,-32.8053473
Tomteland Leisure Park,152.4840325,-32.0929964
Ton-o-fun Park,151.3771763,-33.2735929
Tree Top Adventure Park,144.9647301,-35.526793
Ute On The Pole,150.8725345,-33.5637017
Waterski Park,148.6360294,-32.2297419
Western Plains Riding Centre,151.3679803,-33.078194
Wishing Well,151.5522514,-32.7141064
Minature trains,151.5333451,-33.2132538
model train,150.6928203,-33.6119208
tree top walk,150.6516819,-30.6763241
Manilla Paragliding,148.6016388,-32.2437009
Pluto - Solar System Drive,149.7145835,-31.8281018
Neptune - Solar System Drive,149.3940004,-32.0158025
Neptune - Solar System Drive,149.3263407,-31.3801213
Saturn - Solar System Drive,149.6367707,-30.4947138
Neptune - Solar System Drive,149.4572547,-30.8544205
Uranus - Solar System Drive,149.0776495,-31.2700582
Mercury - Solar System Drive,149.0671473,-31.2864317
Earth - Solar System Drive,149.0756084,-31.2725482
Venus - Solar System Drive,152.5280547,-31.6611835
Waitui Falls,152.4841375,-28.8080693
Paddys Flat Tank Traps,151.2088927,-33.8577602
The Rock Market,151.2230278,-33.8744038
Drag MSIC Injuction,151.2084686,-33.8707038
Sydney tower entrance,150.514084,-33.7590134
The Circles,150.1961926,-32.8305862
Long Cave,151.2049821,-33.870569
Crone Architects,151.2251198,-33.878811
"studio 502, 19a",151.7381198,-32.9316252
Betting Ring,150.9186534,-33.9343414
Collingwood House,152.4118323,-31.1664038
Banda Road Arboretum,148.4150146,-36.4039726
convoy branding with arrow - on ccb,148.4148621,-36.4040994
50m advertising,148.4146334,-36.404175
50m tap branding,151.2905441,-33.7482481
Dee Why Swan,152.3743493,-31.8704432
The Big Log,151.2801073,-33.8335197
Lightkeeper's Cottage 1858,148.1413454,-31.9378069
Gin gin weir camp,151.2741447,-33.8559854
Stables,153.205031,-29.4661071
Bat tree,150.8505603,-34.4668993
Nan Tien Gratitude Bell,146.9200258,-34.8619322
Red Earth City BURNING SEED,151.2095608,-33.8589189
The Rocks Free Tour,151.437015,-33.4701497
Sydney Australia Temple,150.8528277,-34.2079429
Salt Water Crocodile,151.277803,-33.4186238
Spider World,151.2778186,-33.4185237
Lost World Of Reptiles,151.2775177,-33.4183458
Galapagos Tortoise,151.2772481,-33.4180161
American Alligator,151.2769835,-33.4184695
Lace Monitor,151.2772955,-33.4182933
Tasmanian Devil,151.2773102,-33.418658
Kangaroo,151.2769643,-33.4186426
Turtle,151.2771125,-33.4186691
Echidna,151.2768156,-33.4187574
Dingo,151.276776,-33.4190881
Yellow Foot Rock Wallaby,151.2769129,-33.4189047
Wombat,151.277686,-33.4184972
Reptile Display Pits,151.2779918,-33.4177991
Platypus,151.2767555,-33.4189311
Parma Wallaby,151.2763659,-33.4186284
Cassowary,151.2763649,-33.4184782
Rainforest Aviary,151.2770663,-33.4182009
Show Pit,151.2768029,-33.417058
Nocturnal House,151.2765671,-33.41708
Bush Birds,151.2768149,-33.41818
Koala Photo Area,151.2768396,-33.4180348
Koala,151.2770986,-33.4252685
Ploddy the Dinosaur,151.2779006,-33.4188693
Lorikeet,151.2779248,-33.4188526
Pig-nosed Turtle,151.2766796,-33.4178453
Walk-in Owl Flight,151.2766398,-33.4177316
Woodland Parrot Aviary,151.276551,-33.4177511
Wet Eucalypt Forest Bird Aviary,151.3636705,-32.7971502
Lion,151.3633496,-32.7965442
American Alligator,151.3633496,-32.7962636
American Alligator,151.3636644,-32.7962244
American Alligator,151.3627793,-32.7969801
Ostrich,151.3625238,-32.7966853
Camel,151.3628304,-32.7963232
Water Birds,151.3627368,-32.7967954
Deer,151.3635102,-32.7960322
Crab Eating Macaque,151.3633541,-32.7961168
Spectacled Flying Fox,151.3633718,-32.7960335
Marmoset,151.3632001,-32.796116
Malayan Tapir,151.3631987,-32.7959948
Capuchin,151.3630406,-32.795974
Spider Monkey,151.3626625,-32.7958157
Kangaroos,151.3630473,-32.7971468
Maned Wolf,151.3625861,-32.7956403
Tasmanian Devil,151.362823,-32.795682
Koala,151.3627442,-32.7955209
Birds,151.3628047,-32.7955227
Finches and Honey Eaters,151.3626655,-32.7955246
Hairy Nosed Wombat,151.3625737,-32.7955172
Koala,151.3629191,-32.7954492
Farm Animal Petting Zoo,151.3640078,-32.795968
Wallaby,151.3640874,-32.7957768
Common Wombat,151.363926,-32.79576
Tortoise and Rhinocerous Iguana,151.3638029,-32.7957227
Fennec Fox,151.3637356,-32.7958529
Meerkat,151.3642779,-32.7960297
Dingo,151.363777,-32.7959712
Serval Cat,151.3632863,-32.795802
Cotton Top Tamarin,151.3632761,-32.7958388
Macaw,151.363405,-32.7958584
Spider Monkey,151.50362,-33.3506178
Giant Tallowood,151.2168309,-33.8681309
Speaker's Corner,151.102076,-33.8161302
Willandra Historic House,150.4675146,-35.3142307
Chinatown,144.79193,-34.7415777
Long Paddock Visitor Site - 16 Mile Gums,151.2073156,-33.8589469
Argyle Stairs,151.2076871,-33.8671997
Birdcage Alley,151.2073995,-33.8676568
GPO Colonnade,151.1969331,-33.8749418
Warren Langley Trees,151.2069762,-33.8591169
The Bridge Stairs,150.8351336,-34.1659241
Kingsford Nine Ways,151.1448165,-33.8388712
Huntleys Point Interchange,151.4483744,-33.2176978
Wallarah Creek Interchange,150.9634544,-33.8161232
Cumberland Hwy Interchange,150.1036124,-33.4263453
Marrangaroo Interchange,150.9731603,-33.8895637
Meccano Set,151.0496853,-33.7480406
Thompsons Corner,151.2256441,-33.4262587
Calga Interchange,150.8238939,-34.03241
Raby Interchange,150.9276598,-33.8604366
Polding Street Interchange,151.102254,-33.7955758
Midway Junction,151.1327456,-29.8212517
The Slot,151.1589054,-33.8646815
Balmain & District Football Club,151.1308723,-29.8178012
Thunderbolt Rock,151.1340575,-29.8178804
Goonoowigall Falls,151.2180221,-33.8649109
Wishing Tree,152.5460592,-32.0747019
Cave,152.1049776,-32.7177818
Port Stephens,151.822488,-32.0004428
Criterion Battery Boiler,151.6839181,-32.0588662
Cattle Yards,151.2078141,-33.8573564
BridgeClimb Sydney,153.5281262,-28.2848778
Tweed Valley Miniature Steam Railway,151.1709641,-30.0491008
Boorawangi Mountains,151.0947227,-33.9162908
Canterbury Bankstown Bulldogs Rugby League,151.2735392,-33.760533
Manly Sea Eagles Rugby League,150.8337251,-34.0507848
West Tigers Rugby League,150.6875381,-33.7588536
Penrith Panthers Rugby League,150.902678,-34.4282755
St.George Illawarra Dragons Rugby League,141.8680962,-34.0995636
Perry Sandhills,143.1043409,-33.6927034
Vigars Wells,152.5474468,-32.0714837
Whale Watch Tower,152.7147112,-30.3494868
Cheep and Quack Hatchery,152.6769465,-30.3493107
Dorrigo Trout Fishing.,151.3419758,-33.4494845
The Big Ugg Boots,152.38292,-31.8702915
Lions Rock,151.5261519,-32.1505565
Crystal Pools,151.2099355,-33.8657566
Next Level Escape,152.0617676,-32.775983
Sand Dunes in Port Stephen,150.1566732,-35.9985383
Eurobodalla National Park,150.8236552,-33.6032268
Paddlewheeler,150.0117093,-31.6958383
Lava Cave,159.092221,-31.546688
Blowhole,150.592077,-30.0354146
Ruby Hill Fossicking Area,151.208215,-33.8594295
Well Courtyard,151.3008621,-33.5789071
Red Hands Cave,150.023343,-33.8192884
Imperial Cave,152.0749793,-32.7821353
Sandboarding Tours,148.5698299,-32.2163826
Royal Flying Doctor Service Visitor Education Centre,151.2439061,-33.8448531
Insects,153.5032833,-28.1979955
Catch A Crab Tour,153.5763295,-28.868614
Missingham Bridge,153.5711069,-28.8486641
Munsies Bridge,153.5709742,-28.8493175
Munsies Point,153.575705,-28.8808684
Richmond River Nature Reserve,150.1341447,-36.2114098
Australia Rock,150.8362086,-34.488187
Observation Tower,153.0172801,-30.6490849
V-Wall Graffiti Walk,152.7363722,-31.3663802
The Elephant Trail Race,153.1004169,-30.3687549
Sawtell Chilli Festival,152.1350422,-32.7319164
Shark Island,151.2934641,-33.4282284
Rock Garden,151.2935327,-33.4277034
Kangaroo Paw Mounds,151.2944698,-33.4279136
Rain Forest Garden,151.2945057,-33.4277493
Misty Mountains,151.2939199,-33.4272297
Bottle Tree Garden,151.2941595,-33.4272617
Puddle Garden,151.2935654,-33.4280702
Gondwana Garden,151.2941611,-33.4266454
Mt Penang Sculpture Symposium I,151.3004748,-33.4262223
Mt Penang Sculpture Symposium II,153.5266042,-28.683705
Bangalow Markets,152.5311739,-31.7368311
Newbys Cave,151.4378363,-33.4699848
Rock Pool,149.4318822,-34.9118372
Dreamer‘s Gate Sculpture,151.2939537,-33.4283142
Dragon Garden,151.2947409,-33.4275042
Summer Aquatic Garden,151.6970891,-32.9365686
Bird Exhibits,151.6990913,-32.9365551
Emu Exhibit,151.6979152,-32.937415
Wombat Exhibit,151.697195,-32.9372293
Kangaroo Exhibit,151.3632734,-32.796895
Cheetah,151.3641822,-32.7958025
Murray Downs Homestead,152.7413091,-31.5280173
Old Bottlebutt Tree,149.90821,-37.1733894
Rocky Crossing,151.2002312,-33.8760497
International Convention Centre,152.0202404,-29.0463186
Tenterfield Weather Rock,150.1461056,-36.2389074
Channon Rocks,150.3249,-35.6270982
Depot Beach S,149.9829945,-36.7251413
Tathra Beach S,149.9103921,-36.9407689
Pambula Beach S,151.2745014,-32.7920328
Audrey Wilkinson Winery,151.2560242,-32.7575117
Glandore Estate Wines,153.5518585,-28.1647026
Lovers Rock,141.4657224,-31.9629735
The Park Bench (The Big Chair),141.4672948,-31.962147
Line of Lode Miners Memorial,142.166865,-34.1831578
"Paddlesteamers Melbourne, Rothbury and Mundoo",151.2770992,-33.419248
Komodo Dragon,151.3155142,-32.7443131
Bimbadgen,151.2582847,-32.7102662
Piggs Peake Winery,151.2619489,-32.763246
Leogate Estate Wines,151.2624557,-32.7345438
Keith Tulloch Wine,151.3137817,-32.7621346
First Creek,151.3030447,-32.7771205
Tamburlaine Organic Wines,151.3123198,-32.7680769
Hope Estate,151.3427376,-32.7814792
Helicopter rides,151.3635291,-32.7718899
Binnorie Dairy,151.3643713,-32.7737617
Balloon Aloft,151.1667356,-33.8881102
Olympia Milk Bar,149.0290687,-34.1687631
The Empire of Atlantium,150.4791593,-35.3449025
Ledges Aus,151.5540585,-32.895028
Queensland Gates,142.143313,-34.1381894
WOW Tree,151.2080977,-33.8566647
Big Axe,152.8583798,-31.5455578
Big Bowl,153.6145347,-28.6425538
Tag Byron Bay,153.4916307,-28.4414936
Big Motorcycle,150.9047336,-34.42561
Ted Tobin OAM Observation Deck,150.6880916,-34.0157712
St Pauls Historic Graveyard,150.6422569,-34.0284363
Old slate quarry,150.9241071,-33.9172655
Pioneers Memorial Park Cemetary,147.9675606,-29.4518017
The Big Opal,150.6975677,-34.0568841
Cemetary,148.3544465,-36.3956422
Illawong swing bridge,148.3717692,-36.3814616
ILLAWONG BRIDGE TRACK,150.6950543,-34.0539465
Allen Barker Art Gallery,150.6649019,-34.0429021
Sickles Creek Reserve,150.7397672,-34.0168928
Harrington Forest Reserve,150.6396882,-34.0077689
Old wagon,153.3169265,-28.928998
Koala’s,150.6117096,-34.177641
Sandstone Viaduct,150.6107489,-34.1801412
Flying Fox Colony,149.936648,-33.2630675
Avon Dam,150.7331457,-34.0029039
Grand Prix Park Sign,151.8680895,-32.8251029
Sand Dune Adventures - Quad Bike Parking,151.8672554,-32.806487
Sand Dune Adventures - Quad Biking & Sandboarding,151.2080989,-33.8593676
Ghost Tours,151.0767297,-33.9049518
Enfield Intermodal Lookout,146.5737044,-34.2849314
Evonne Goolagong Big Tennis Racquet,149.8710734,-33.0149927
Wishing Well,146.9006409,-34.3575143
The Litchfield Wagon,150.9369598,-33.8945247
Asian Gateway,151.4801874,-32.8193268
The Big Kookaburra,150.4633622,-34.4904846
Wild Koalas,151.0717541,-33.8398825
Brick Works Bridge Walk,151.0771632,-33.8442948
Mangrove Boardwalk,150.9995412,-33.80366
Flying Fox Colony,153.3627253,-29.420467
Sunrise Spot with seat,150.3114907,-33.7169305
Street Art Walk,151.2601746,-33.8347341
Gun emplacement,151.2459341,-33.8521711
Fortifications,151.2610493,-33.8366144
Watch tower,151.260477,-33.8359678
Armored Casemate,151.2669059,-33.8245116
Fortifications and gun emplacements,150.9256503,-34.314158
Thirroul Gallery,147.3749833,-35.119564
A79-612,148.1333213,-35.522277
Old Gold Mine Site,151.2986527,-33.8172821
Barrel Display,151.239342,-33.8977198
The WILD PLAY Discovery Center,150.8107475,-33.4004972
White Gums Community - Rowan Classen,150.8071742,-33.4044531
Hearth Ground Community,149.9483037,-36.8547168
Snorkelling,149.8939794,-36.3965487
Cobargo Show,147.1462583,-33.0986042
Utes in a paddock,151.7298523,-32.2347691
Chichester Logging Museum,150.24519,-33.7081229
Megalong Valley Farm,151.969218,-32.4422615
Alderley Creek Winery,150.6545305,-34.6217619
Nellie's Glen,141.4614867,-31.9589436
Sulphide Street Station Railway Museum,141.4479171,-31.9395416
Quartz and Metasediments White Rocks Reserve,151.7323335,-29.7876963
Celtic Country,150.6716149,-34.0605524
HarbenVale Reserve,150.8843639,-34.5937792
Gravel Loader Dive Site,150.2501539,-33.4829083
Clarence Dam,152.2072604,-32.4133046
Big Bass,150.8722349,-34.5788742
Cowries Beach,150.1760667,-33.5465517
Kew-Y-Ahn Bell Rock,153.5472565,-28.5948509
Skydive Byron Bay,150.2718896,-33.6154315
Aboriginal Scar Tree,149.1152304,-31.0241934
Wittenbra Dam,150.7701666,-34.8991151
Crookhaven Lighthouse,150.6869115,-34.0498688
MacQuarrie house lookout,148.2794344,-36.4932209
Thredbo Community Bell,151.0782123,-33.8423948
Badu Mangroves,150.3349229,-33.7222052
Slow Fox Winery,151.2294038,-34.0256278
Cliffside ruins,151.0178953,-33.8598271
Auburn Aviary,147.8415492,-31.6953043
Window on the Wetland Centre,152.8420127,-31.0786988
Fern Bower,151.8494644,-32.284328
Platypus Point,141.4629854,-31.958251
Trades Hall,151.4388996,-32.0384415
Crows Gate,150.9236225,-31.1275685
Big Golden Guitar,149.4672547,-32.5881758
Warialda Swimsuit and Bra Tree,150.2036717,-33.5995386
Blue Mountains Lavender Farm,149.378776,-31.5469339
The Old Pumphouse,149.1931889,-31.2763566
Warrumbungle Observatory,145.3084946,-31.3000849
Excalibur,141.4711615,-31.9596815
Original BHP office,143.0872257,-30.8484353
Pioneers Children Cemetery,142.3858974,-32.4671892
Wreck of the Providence,141.5126958,-31.8355981
Ruins of the Owl Barn,142.2817756,-31.2368432
Ruins Rockhole Hotel,142.3144909,-31.2630441
Big Rock Pool,143.5596113,-30.7117908
Peery Lake Day Use Area,143.4105428,-30.8012946
Homestead Ruin,150.1754332,-33.5448401
Cemetary,144.8471311,-34.5143967
Weethalle Silo Art,150.6243039,-33.9422711
Gorge look out,150.6240141,-33.959234
Campbells Ford,149.7988881,-32.2123642
The Drip,147.367986,-35.1008792
Historic Flood Marker,147.4681327,-35.1493811
Mangrove Boardwalk,150.8563066,-33.8793258
Dam Lookout,149.4914588,-32.6321512
Mudgee Observatory,150.3660358,-33.5108821
Breenhold Gardens,150.3727111,-33.5018034
Nooroo Garden,150.3763632,-33.5035865
Bebeah Garden,150.3734411,-33.5100801
Windyridge Garden,150.3715873,-33.5119067
Yengo Sculpture Gardens,150.3817395,-33.5072044
Merry Garth Garden,150.3696795,-33.5024554
Sefton Cottage Garden,153.0095736,-30.5041364
Urunga Wetland Walk,149.3173459,-31.0439871
Pilliga Pottery,149.2768222,-31.3693463
Solar System Drive - Saturn,148.9202815,-31.469167
Solar System Drive - Uranus,151.2870363,-33.8498639
Old gun emplacement,151.2856424,-33.8861797
Aboriginal engravings,149.4161301,-33.016161
The Arch,149.6302678,-32.5583846
Mudgee Miniature Railway,147.3560359,-35.1169072
Scorpion M113 tank,147.3648301,-35.1123127
Warship gun,149.5796722,-28.7240656
Train Display,150.8960563,-29.2525547
